max(page),target,available,target_original,target_conversion_review
https://www.factorybuys.com.au/products/euro-top-mattress-king,"[""Factory Buys 32cm Euro Top Mattress - King""]",True,Factory Buys 32cm Euro Top Mattress - King,False
https://dunlin.com.au/products/beadlight-cirrus,"[""Beadlight Cirrus LED Reading Light""]",True,Beadlight Cirrus LED Reading Light,False
https://themodern.net.au/products/hamar-plant-stand-ash,"[""Hamar Plant Stand - Ash""]",True,Hamar Plant Stand - Ash,False
https://furniturefetish.com.au/products/oslo-office-chair-white,[],True,,False
https://hemisphereliving.com.au/products/,[],False,,False
https://home-buy.com.au/products/bridger-pendant-larger-lamp-metal-brass,[],False,,False
https://interiorsonline.com.au/products/interiors-online-gift-card,"[""$50 RJ Living Gift Card"", ""$100 RJ Living Gift Card"", ""$200 RJ Living Gift Card"", ""$400 RJ Living Gift Card"", ""$500 RJ Living Gift Card"", ""$1000 RJ Living Gift Card""]",True,"$50 RJ Living Gift Card, $100 RJ Living Gift Card, $200 RJ Living Gift Card, $400 RJ Living Gift Card, $500 RJ Living Gift Card, $1000 RJ Living Gift Card",True
https://beckurbanfurniture.com.au/products/page/2/,[],False,,False
https://livingedge.com.au/products/tables/dining,"[""Linear Wood Table"", ""Saarinen Dining Table, Oval"", ""Midst Round Dining Table"", ""Circular Dining Table"", ""Slab Dining Table, Round"", ""Bigfoot™ Table"", ""Bell Dining Table"", ""Melt Dining Table"", ""Double Bell Dining Table"", ""Lamina Dining Table"", ""Platner Dining Table"", ""Nelson™ Swag Leg Dining Table, Rectangular"", ""Saarinen Dining Table, Round"", ""Base Table"", ""Palisade Dining Table"", ""Sunday Dining Table"", ""Spoke Dining Table"", ""Eclipse Dining Table"", ""Florence Knoll Dining Table, Rectangle"", ""Eclipso Cafe Table"", ""Bicorn Cafe Table"", ""Groove Table, Oval"", ""Hiroki Table"", ""Officina Table""]",True,"Linear Wood Table, Saarinen Dining Table, Oval, Midst Round Dining Table, Circular Dining Table, Slab Dining Table, Round, Bigfoot™ Table, Bell Dining Table, Melt Dining Table, Double Bell Dining Table, Lamina Dining Table, Platner Dining Table, Nelson™ Swag Leg Dining Table, Rectangular, Saarinen Dining Table, Round, Base Table, Palisade Dining Table, Sunday Dining Table, Spoke Dining Table, Eclipse Dining Table, Florence Knoll Dining Table, Rectangle, Eclipso Cafe Table, Bicorn Cafe Table, Groove Table, Oval, Hiroki Table, Officina Table",True
https://edenliving.online/collections/summerloving/products/nice-lounge-1,[],False,,False
https://www.ourfurniturewarehouse.com.au/products/athens-3pce-lounge-includes-2x-armless-3-seater-and-corner-ottoman-in-grey-storm-fabric?_pos=1&_sid=9f9ca4320&_ss=r,[],False,,False
https://cane-line.co.uk/collections/news-2020/products/breeze-sunbed-5569,[],False,,False
https://haute-living.com/products/beam-desk,[],False,,False
https://www.knoll.com/design-plan/products/by-designer/knoll,[],False,,False
https://www.balirepublic.com.au/products/fabric-cleaner,[],True,,False
https://vastinterior.com.au/products/samson-daybed-single-2,"[""Samson Daybed Single""]",True,Samson Daybed Single,False
https://www.hudsonfurniture.com.au/products/string-weave-timber-stool,"[""String weave timber stool""]",True,String weave timber stool,False
https://premiumpatio.com.au/products/outdoor-tables/page/3/,[],False,,False
https://dhfonline.com/products/gift-card,"[""Gift Card""]",True,Gift Card,False
https://furnish123watertown.com/products/,[],False,,False
https://www.tandemarbor.com/products/kaiser-box-bed-blush-plush-velvet,"[""The Kaiser Box Bed Blush Plush Velvet""]",True,The Kaiser Box Bed Blush Plush Velvet,False
https://www.perchfurniture.com/products/hoyt-chair,"[""Hoyt Chair""]",True,Hoyt Chair,False
http://www.vawayside.net/store/products/tag/beds,[],False,,False
https://curiousgrace.com.au/products/cleo-desk-lamp,[],True,,False
https://modshop1.com/collections/amalfi/products/amalfi-3-door-credenza,[],False,,False
https://www.scandesign.com/products/pavia-sectional-ivory,[],False,,False
https://www.sofamania.com/products/carl-victorian-inspired-velvet-button-detail-vanity-accent-stool,[],False,,False
https://www.fentonandfenton.com.au/products/gift-card&media=http://cdn.shopify.com/s/files/1/1909/9637/products/GiftVouchers_Product_1024x1024.jpg&description=Gift%20Card%20%23Art-Lover%20%23Birthday%20%23Colour-Lover,[],False,,False
https://4-chairs.com/products/mason-chair,[],False,,False
https://www.theinside.com/products/x-bench-onyx-austin-stripe-by-old-world-weavers/PTM_XBench_OnyxAustinStripeByOldWorldWeavers,"[""Custom Upholstered Ottomans"", ""X Bench"", ""Skirted Storage Ottoman"", ""Drum Ottoman"", ""Parsons Ottoman"", ""Waterfall Ottoman"", ""Cube Ottoman""]",True,"Custom Upholstered Ottomans, X Bench, Skirted Storage Ottoman, Drum Ottoman, Parsons Ottoman, Waterfall Ottoman, Cube Ottoman",True
https://stationfurniture.store/products/milano,[],False,,False
https://pinchdesign.com/products/yves-desk,"[""Yves desk""]",True,Yves desk,False
https://www.do-shop.com/products/gift-card,"[""Gift Voucher""]",True,Gift Voucher,False
https://claytongrayhome.com/products/palecek-coco-ruffle-mirror,[],True,,False
https://dfohome.com/products/patio-furniture/swings/all-swings,"[""Home Products Patio Furniture Swings""]",True,Home Products Patio Furniture Swings,False
https://acmeshelving.com/collections/signs/products/sale,[],False,,False
https://www.kmpfurniture.com/fire_collection/products/beds_80.html,[],False,,False
https://www.jseitz.com/products/buddha,[],False,,False
https://www.furnitureworldgalleries.com/products/,[],True,,False
https://www.homekoncepts.com/products/furniture/tables/end-tables/,[],False,,False
https://cityfurnitureshop.com/collections/greenington/products/azara-bed,[],False,,False
https://www.theguestroomfurniture.com/products/,"[""Quality Home Furniture""]",True,Quality Home Furniture,False
https://www.danishinspirations.com/products/products/bedroom/page/3/,"[""MARCO High Chest"", ""MARCO King Bed"", ""MARCO Queen Bed"", ""MARCO Right Nightstand"", ""MARINI Mirror"", ""MARTI Double Dresser Grey"", ""MARTI Double Dresser Walnut"", ""Marti High Chest Grey"", ""MARTI High Chest Walnut"", ""MARTI King Bed Grey"", ""MARTI King Bed Walnut"", ""Marti Nightstand Grey"", ""MARTI Nightstand Walnut"", ""MARTI Queen Bed Grey"", ""MARTI Queen Bed Walnut"", ""MOTA King Bed""]",True,"MARCO High Chest, MARCO King Bed, MARCO Queen Bed, MARCO Right Nightstand, MARINI Mirror, MARTI Double Dresser Grey, MARTI Double Dresser Walnut, Marti High Chest Grey, MARTI High Chest Walnut, MARTI King Bed Grey, MARTI King Bed Walnut, Marti Nightstand Grey, MARTI Nightstand Walnut, MARTI Queen Bed Grey, MARTI Queen Bed Walnut, MOTA King Bed",True
https://columbineshowroom.com/products/,[],False,,False
https://emfurn.com/products/aaron-sofa,[],False,,False
https://fmvegas.com/products/carlo-dresser,[],False,,False
https://nicoyafurniture.com.au/products/playa-bowl,[],False,,False
https://galvinbrothers.co.uk/products/alfandbud,"[""(Perfectly) Imperfect Stool"", ""Cutler's Stool"", ""(Completely) Imperfect Side Table"", ""Bobbin Side Table"", ""Polygon Pedestal Lamp Table"", ""Polygon Pedestal Side Table"", ""Fluted Sideboard"", ""Bridle Mirror (Round)"", ""Furniture Care Kit"", ""(New) Octagon Side Table"", ""NEW NARRATIVES: BOBBIN CONSOLE""]",True,"(Perfectly) Imperfect Stool, Cutler's Stool, (Completely) Imperfect Side Table, Bobbin Side Table, Polygon Pedestal Lamp Table, Polygon Pedestal Side Table, Fluted Sideboard, Bridle Mirror (Round), Furniture Care Kit, (New) Octagon Side Table, NEW NARRATIVES: BOBBIN CONSOLE",True
https://tyfinefurniture.com/products/enso-platform-bed,"[""Enso Platform Bed Cherry""]",True,Enso Platform Bed Cherry,False
https://24estyle.com/products/eliza-fan,[],True,,False
https://shopspencerfurnituresiouxfalls.com/products/glass-lamp,[],False,,False
https://bryantscountrystore.com/products/deli-sandwich-carryout,[],False,,False
https://vincentdesign.com.au/products/spaltekanden-big-white,[],False,,False
https://magnolialane.biz/products/anika-cushion,"[""Lumière Round Chandelier"", ""Beach Five Door Curved-End TV Unit"", ""Bulu two door cabinet"", ""Amalfi Outdoor Parasol"", ""Fontaine Dining Table in solid American Oak"", ""Fontaine Counter Stool with half-moon curved back and metal legs"", ""Harbour Island Slim Outdoor Sunlounger in Grade A teak with white Sunbrella cushion"", ""Harbour Island Outdoor Coffee Table – oversize low"", ""Harbour Island Outdoor Coffee Table – High""]",False," Lumière Round Chandelier, Beach Five Door Curved-End TV Unit, Bulu two door cabinet, Amalfi Outdoor Parasol, Fontaine Dining Table in solid American Oak, Fontaine Counter Stool with half-moon curved back and metal legs, Harbour Island Slim Outdoor Sunlounger in Grade A teak with white Sunbrella cushion, Harbour Island Outdoor Coffee Table – oversize low, Harbour Island Outdoor Coffee Table – High",True
https://blupeter.com.au/products/tulip-object,[],True,,False
https://www.cranmorehome.com.au/products/gift-card,"[""GIFT CARD""]",True,GIFT CARD,False
https://www.vavoom.com.au/products/ebony-chest,"[""Gift Cards""]",True,Gift Cards,False
https://www.goodwoodfurniture.com.au/products/wardrobes/colonial-robe/,"[""Colonial Robe""]",True,Colonial Robe,False
https://valentinesfurniture.com.au/products/,"[""Emily"", ""Milan Sofa"", ""Hartford"", ""Nordic 11 Recliner""]",True,"Emily, Milan Sofa, Hartford, Nordic 11 Recliner",True
https://www.loungesplus.com.au/products/baird-fabric-lounge-package,"[""Fabric Lounges""]",True,Fabric Lounges,False
https://www.yellowleafhammocks.com/products/hammock-gift-card,"[""Give a Gift Card: Any Size! Gift Card: $50"", ""Give a Gift Card: Any Size! Gift Card: $100"", ""Give a Gift Card: Any Size! Gift Card: $200"", ""Give a Gift Card: Any Size! Gift Card: $400"", ""Give a Gift Card: Any Size! Gift Card: $500"", ""Give a Gift Card: Any Size! Gift Card: $600"", ""Give a Gift Card: Any Size! Big Bundle Gift Card: $1,000""]",True,"Give a Gift Card: Any Size! Gift Card: $50, Give a Gift Card: Any Size! Gift Card: $100, Give a Gift Card: Any Size! Gift Card: $200, Give a Gift Card: Any Size! Gift Card: $400, Give a Gift Card: Any Size! Gift Card: $500, Give a Gift Card: Any Size! Gift Card: $600, Give a Gift Card: Any Size! Big Bundle Gift Card: $1,000",True
https://asplundstore.se/products/fish-bricka,"[""Fish bricka vit""]",True,Fish bricka vit,False
https://distinctive-interiors.com/products/,[],False,,False
https://runyonsfinefurniture.com/products/alf-bar-stool,[],False,,False
https://www.comfortfurniture.com.sg/sale/products/office,"[""SLUMBER BUNDLE"", ""Anata Highback Office Chair - Grey Fabric"", ""Apex Workstation / Study Table - W1200"", ""Apex Workstation / Study Table - W1500"", ""Apex Workstation / Study Table - W1800"", ""Boost Rect Folding Seminar Table - W1200 (Nestable)"", ""Boost Rect Folding Seminar Table - W1500 (Nestable)"", ""Butcher x Tito Height Adjustable Sit Stand Table - W1200"", ""Butcher x Tito Height Adjustable Sit Stand Table - W1500"", ""Butcher x Tito Height Adjustable Sit Stand Table - W1800"", ""Dan Mobile Pedestal - 2 + 1 Drawers - Mini Size - Black - V1"", ""Dan Mobile Pedestal - 2 + 1 Drawers - Standard Size - Black - V1"", ""Dynamo Training Armchair w/ Castors & Tablet (Nestable)"", ""Dynamo Training Armchair w/ Castors (Nestable)"", ""Eam Heat Pressed Midback Office Chair - Dark Blue Faux Leather"", ""Hancisco Visitor/Training Armchair – Cantilevered"", ""Kasa Midback Office Chair"", ""Lami x Tito Height Adjustable Sit Stand Table - W1200 - Black Legs"", ""Lami x Tito Height Adjustable Sit Stand Table - W1200 - White Legs"", ""Lami x Tito Height Adjustable Sit Stand Table - W1500 - Black Legs"", ""Lami x Tito Height Adjustable Sit Stand Table - W1500 - White Legs"", ""Lami x Tito Height Adjustable Sit Stand Table - W1800 - Black Legs"", ""Lami x Tito Height Adjustable Sit Stand Table - W1800 - White Legs"", ""Leon Training Armchair w/ Castors (Nestable)"", ""Madeline Foldable Portable Table - W1500"", ""Madeline Foldable Portable Table - W1800"", ""Pash Rect Folding Seminar Table - W1800 (Nestable)"", ""Rib L-Shaped Acoustic Screen - PET"", ""Stellar Highback Office Chair - Black"", ""Stellar Highback Office Chair - White"", ""Stellar Midback Office Chair - Black"", ""Stellar Midback Office Chair - White"", ""Velo Dual-Sided Height Adjustable Sit Stand Table - W1400"", ""Yuti Training Side Chair w/ Castors (Nestable)""]",True,"SLUMBER BUNDLE, Anata Highback Office Chair - Grey Fabric, Apex Workstation / Study Table - W1200, Apex Workstation / Study Table - W1500, Apex Workstation / Study Table - W1800, Boost Rect Folding Seminar Table - W1200 (Nestable), Boost Rect Folding Seminar Table - W1500 (Nestable), Butcher x Tito Height Adjustable Sit Stand Table - W1200, Butcher x Tito Height Adjustable Sit Stand Table - W1500, Butcher x Tito Height Adjustable Sit Stand Table - W1800, Dan Mobile Pedestal - 2 + 1 Drawers - Mini Size - Black - V1, Dan Mobile Pedestal - 2 + 1 Drawers - Standard Size - Black - V1, Dynamo Training Armchair w/ Castors & Tablet (Nestable), Dynamo Training Armchair w/ Castors (Nestable), Eam Heat Pressed Midback Office Chair - Dark Blue Faux Leather, Hancisco Visitor/Training Armchair – Cantilevered, Kasa Midback Office Chair, Lami x Tito Height Adjustable Sit Stand Table - W1200 - Black Legs, Lami x Tito Height Adjustable Sit Stand Table - W1200 - White Legs, Lami x Tito Height Adjustable Sit Stand Table - W1500 - Black Legs, Lami x Tito Height Adjustable Sit Stand Table - W1500 - White Legs, Lami x Tito Height Adjustable Sit Stand Table - W1800 - Black Legs, Lami x Tito Height Adjustable Sit Stand Table - W1800 - White Legs, Leon Training Armchair w/ Castors (Nestable), Madeline Foldable Portable Table - W1500, Madeline Foldable Portable Table - W1800, Pash Rect Folding Seminar Table - W1800 (Nestable), Rib L-Shaped Acoustic Screen - PET, Stellar Highback Office Chair - Black, Stellar Highback Office Chair - White, Stellar Midback Office Chair - Black, Stellar Midback Office Chair - White, Velo Dual-Sided Height Adjustable Sit Stand Table - W1400, Yuti Training Side Chair w/ Castors (Nestable)",True
https://karladubois.com/products/wooster-convertible-crib,[],False,,False
https://brownsquirrelfurniture.com/furniture/rest-bedrooms/rest-beds/sleep-queen/products/laurel-sleigh/,[],False,,False
https://viesso.com/products/haru-bed,"[""Accent Dining Table"", ""Bok Dining Chair"", ""Arc Coffee Table"", ""Astrid Bedroom Collection - King""]",True,"Accent Dining Table, Bok Dining Chair, Arc Coffee Table, Astrid Bedroom Collection - King",True
https://floydhome.com/products/the-floyd-hat,[],False,,False
https://www.mybudgetfurniture.com/products/3pc-sectional,[],False,,False
https://www.fiveelementsfurniture.com/collections/sola-office-collection/products/sola-lift-desk,[],False,,False
https://www.fads.co.uk/products/living/sofas/sofa-beds/,"[""Sofa Beds""]",True,Sofa Beds,False
https://test-danish-inspirations.pantheonsite.io/products/products/bedroom/page/3/,[],False,,False
https://www.hipvan.com/products/sleep-mattress?ref=nav_dropdown,"[""SLEEP Mattress""]",True,SLEEP Mattress,False
https://dev-danish-inspirations.pantheonsite.io/products/products/bedroom/page/3/,[],False,,False
https://houseofhollingsworthblog.com/products/locker,[],False,,False
https://www.wardrobe-bunk-bed-sofa.uk/products/wardrobe-ava-4-3,[],False,,False
https://dwell.co.uk/products/sleep/type/bed/,[],False,,False
https://www.hopewells.co.uk/products/living-dining/sofas-chairs/tetrad/tetrad-patna-chair,[],False,,False
https://kokocollective.com.au/products/esme-natural-rattan-day-bed,"[""Esme Natural Rattan Day Bed""]",True,Esme Natural Rattan Day Bed,False
https://www.timothyoulton.com/products/living/sectional-sofas,[],False,,False
https://www.warmnordic.com/global/products/news,[],True,,False
https://www.royaloakfurniture.co.uk/products/pop-bench,"[""Arncliffe Pop Bench""]",True,Arncliffe Pop Bench,False
https://mulamu.com/products/membership,[],True,,False
http://www.genesisfurniturelv.com/products/,[],False,,False
https://daufurniture.com/products/style/transitional/dana-upholstered-bed/,[],False,,False
https://www.waynesfinefurnitureandbedding.com/search/products/?s=power+recliners&pp=120,[],False,,False
https://theodores.com/products/,"[""Modern Furniture Washington DC - Cantoni""]",True,Modern Furniture Washington DC - Cantoni,False
https://www.theoakfurnitureshop.com/products/country-trend-solid-oak-tv-stand-51/,[],False,,False
https://totalpatioaccessories.com/products/product07,[],False,,False
https://www.groensfinefurniture.com/products/Miscellaneous/misc/394554.html,[],False,,False
https://yesterdaystreefurniture.com/products/gifts/,[],False,,False
https://www.jensen-lewis.com/products/guardsman-gold-complete-plan,"[""Guardsman Gold Complete Plus Plan""]",True,Guardsman Gold Complete Plus Plan,False
https://www.popandscott.com/products/raffia-sun,[],False,,False
https://shophorne.com/products/sarpaneva-cast-iron-casserole,"[""Open Box - Forma Wool Rug - Large / Off-White"", ""Open Box - Harvest Wall Rug - Small"", ""Open Box - Moor Cushion - Off White"", ""Open Box - Oval Aluminum Bulkhead Light - Painted Silver/Without Guard"", ""Open Box - Agapé Wall Candle Holder"", ""Open Box - Mist Cotton Pad Holder - Emerald Off-White"", ""Alas Bowl - Large"", ""Alas Bowl - Small"", ""Antila Watering Can"", ""Apple Money Bank"", ""Apple Tufted Rug"", ""Atura Dining Table - 160 x 90""]",True,"Open Box - Forma Wool Rug - Large / Off-White, Open Box - Harvest Wall Rug - Small, Open Box - Moor Cushion - Off White, Open Box - Oval Aluminum Bulkhead Light - Painted Silver/Without Guard, Open Box - Agapé Wall Candle Holder, Open Box - Mist Cotton Pad Holder - Emerald Off-White, Gubi, Herman Miller®, RS Barcelona, Muuto, Louis Poulsen, Audo Copenhagen, Alas Bowl - Large, Alas Bowl - Small, Antila Watering Can, Apple Money Bank, Apple Tufted Rug, Atura Dining Table - 160 x 90",True
https://cultdesign.co.nz/products/molloy-chair,"[""Molloy Chair""]",True,Molloy Chair,False
https://www.gloster.com/en/products/materials/teak,"[""Outdoor Furniture Materials - Teak Collections - Gloster""]",True,Outdoor Furniture Materials - Teak Collections - Gloster,False
https://thebrick.com/products/tacoma-chest,[],False,,False
https://capsulehome.com/products/frey-sofa'%3EFrey%20Sofa%3C/a%3E%20and%20I%20wanted%20to%20share%20it%20with%20you,[],False,,False
https://www.altamodafurniture.com/products/Woodworks/ca_ww/3701npt.html,[],False,,False
https://www.normann-copenhagen.com/en/en/products/tivoli/lamps/toli-lamp--20-cm-eu-5005028,[],False,,False
https://www.gowfb.com/products/patio-set-covers,[],False,,False
https://allwoodfurn.com/products/group-119-rustic-two-tone-gathering-table-and-barstools,"[""Group #119 Rustic Two Tone Gathering Table and Barstools""]",True,Group #119 Rustic Two Tone Gathering Table and Barstools,False
https://decorum-shop.co.uk/products/gift-card-10-25-50-100,[],False,,False
https://lostine.com/products/jack-chairs,"[""Jack Leather and Wood Stool - Tan""]",True,Jack Leather and Wood Stool - Tan,False
https://designkollective.com/stores/woodlandcreek/products/76623,[],False,,False
https://www.somedaydesigns.co.uk/products/muuto-tip-lamp?variant=513748041743,"[""Wall Lamp"", ""Floor Lamp"", ""muuto tip table lamp black""]",True," Wall Lamp, Floor Lamp, muuto tip table lamp black ",True
https://www.mainecottage.com/collections/workspace/products/big-cay-desk,"[""Big Cay Desk""]",True,Big Cay Desk,False
https://pawleysislandhammocks.com/products/swings/rope,[],False,,False
https://homeresource.com/products/series-7-chair&media=http://cdn.shopify.com/s/files/1/1170/0268/products/Series-7-ann-1423601841_1024x1024.jpeg&description=Series%207%20Chair%20%23Chairs,[],False,,False
https://www.antoninimodernliving.com/products/,"[""Collections""]",True,Collections,False
https://www.shorehousefurniture.com/products/Rowe-Furniture/rowe/c396sect.html,[],False,,False
https://www.jandjtreasuretrove.net/apps/webstore/products/show/8098794,[],False,,False
https://www.idcmn.com/products/sun-company-861013-queen-bed&source=webclient,[],False,,False
https://calligarisla.com/products/living/sofas/metro/minimal-and-contemporary-modular-sofa,[],False,,False
https://stealasofa.com/products/isla-gray-fabric-sectional-sofa-4249,[],False,,False
https://urbanfurnishing.net/products/5a-rio,[],True,,False
https://vancouverwoodworks.com/products/aamerica-wslcb5091,"[""Wood Bedroom Furniture"", ""Wood Office Furniture"", ""Wood Living Room Furniture"", ""Wood Dining Room Furniture"", ""A-America - Westlake Queen Storage Bed""]",True,"Wood Bedroom Furniture, Wood Office Furniture, Wood Living Room Furniture, Wood Dining Room Furniture, A-America - Westlake Queen Storage Bed",True
https://www.kannoa.com/products/lipa-barstool,"[""Lipa Barstool""]",True,Lipa Barstool,False
https://furnitureoutletnc.com/products/deluxe-full-mattress,"[""Furniture Outlet of Wilmington""]",True,Furniture Outlet of Wilmington,False
https://www.furnituremarts.com/products/gallery-home.aspx,[],False,,False
https://osmen.com.au/products/customize-cushion,"[""Clearwater Beach 5 Pc Outdoor Modular Lounge Setting"", ""Kiama 4 Pc Outdoor Lounge Setting"", ""Silver Shell 5 Pieces Outdoor Lounge Setting - Beige"", ""Poppy High-back Folding Chair"", ""Cape Town Lounge 4PC Set"", ""Iris Carver Chair"", ""Hobart Privacy Screen – Outdoor Divider on Wheels 159 - White"", ""Condor 5 Pc Outdoor Lounge Setting | 3 Seater Version | Black"", ""South Beach 4 Pc Outdoor Lounge Setting - Dark Grey + Dark Grey"", ""South Beach 4 Pc Outdoor Lounge Setting - Red + Dark Grey"", ""South Beach 4 Pc Outdoor Lounge Setting - Red + Light Grey"", ""Albury 3 Pc Outdoor Lounge Setting"", ""Pisa 3 Pc Outdoor Lounge Setting"", ""Amy 4 Pc Outdoor Lounge Setting"", ""Augusta Carver Chair"", ""Whale Outdoor Extension Table Charcoal"", ""Whale Outdoor Extension Table White"", ""Captiva Extension Dining Table 220/280/340 | White & Charcoal | Ceramic Glass"", ""Clearwater Beach Double Sun Lounge"", ""Diamond 4 Pc Outdoor Lounge Setting - Black"", ""Diamond Carver Chair - Black"", ""Diamond Carver Chair - White"", ""Diamond 4 Pc Outdoor Lounge Setting - White""]",True,"Clearwater Beach 5 Pc Outdoor Modular Lounge Setting, Kiama 4 Pc Outdoor Lounge Setting, Silver Shell 5 Pieces Outdoor Lounge Setting - Beige, Poppy High-back Folding Chair, Cape Town Lounge 4PC Set, Iris Carver Chair, Hobart Privacy Screen – Outdoor Divider on Wheels 159 - White, Condor 5 Pc Outdoor Lounge Setting | 3 Seater Version | Black, South Beach 4 Pc Outdoor Lounge Setting - Dark Grey + Dark Grey, South Beach 4 Pc Outdoor Lounge Setting - Red + Dark Grey, South Beach 4 Pc Outdoor Lounge Setting - Red + Light Grey, Albury 3 Pc Outdoor Lounge Setting, Pisa 3 Pc Outdoor Lounge Setting, Amy 4 Pc Outdoor Lounge Setting, Augusta Carver Chair, Whale Outdoor Extension Table Charcoal, Whale Outdoor Extension Table White, Captiva Extension Dining Table 220/280/340 | White & Charcoal | Ceramic Glass, Clearwater Beach Double Sun Lounge, Diamond 4 Pc Outdoor Lounge Setting - Black, Diamond Carver Chair - Black, Diamond Carver Chair - White, Diamond 4 Pc Outdoor Lounge Setting - White",True
https://www.stevenshellliving.com/products/piccolo-jug,[],False,,False
https://www.thefurnituremegastore.co.uk/products/noir-80x180-cm-wall-mirror,[],True,,False
https://contempoconcepts.com/products/winndom-berkeley-iii?_pos=1&_sid=362e09ca2&_ss=r,[],False,,False
https://eurolivingfurniture.com/products/746-writing-desk,"[""Ricardo Fabric Sectional"", ""MALTA BEDROOM COLLECTION - Euro Living Furniture"", ""CUBANO SLEEPER LOVESEAT - Euro Living Furniture"", ""Hanna Dining Table Set - Table + 4 Chairs - Euro Living Furniture"", ""Merida Fabric Power Sectional - Euro Living Furniture"", ""Blanche Accent Chair - Euro Living Furniture""]",True,"Ricardo Fabric Sectional, MALTA BEDROOM COLLECTION - Euro Living Furniture, CUBANO SLEEPER LOVESEAT - Euro Living Furniture, Hanna Dining Table Set - Table + 4 Chairs - Euro Living Furniture, Merida Fabric Power Sectional - Euro Living Furniture, Blanche Accent Chair - Euro Living Furniture",True
https://www.efurnitureny.com/products/wardrobes-and-closets/wardrobe-closet-and-armoires,"[""Wardrobes and Closets / Wardrobe Closet and Armoires category Products""]",True,Wardrobes and Closets / Wardrobe Closet and Armoires category Products,False
https://sarahellison.com.au/collections/all/products/muse,[],False,,False
https://oakspecialists.com/products/bedroom/beds/63/,[],False,,False
https://midinmod.com/products/vendetta-bookcase%20via%20@https://twitter.com/midinmod?lang=en,[],False,,False
https://www.unclaimed-furniture.com/products/Standard-Furniture/stand/11406.html,[],False,,False
http://www.kis-lv.com/Products/products.html,[],False,,False
https://wayborn.com/products/,[],False,,False
https://www.bovafurniture.com/products/office/desks/page/2/,[],False,,False
https://hauslondon.com/products/gift-card,"[""Gift Card""]",True,Gift Card,False
https://allworldfurniture.com/products/sallie-stool&via=http://www.twitter.com/alworldfurnitur&text=Euro%20Style%20Sallie%20Accent%20Stool,[],True,,False
https://decorium.us/products/costa-adjustable-barstool,[],False,,False
https://www.softsquare.com/collections/usm-haller/products/usm-haller-media-o1,"[""side table O118 | USM Haller - Metal: USM Pure White .24"", ""side table O118 | USM Haller - Metal: USM Anthracite .33"", ""side table O118 | USM Haller - Metal: USM Graphite Black .30"", ""side table O118 | USM Haller - Metal: USM Steel Blue .34"", ""side table O118 | USM Haller - Metal: USM Golden Yellow .25"", ""side table O118 | USM Haller - Metal: USM Beige .31""]",True,"side table O118 | USM Haller - Metal: USM Pure White .24, side table O118 | USM Haller - Metal: USM Anthracite .33, side table O118 | USM Haller - Metal: USM Graphite Black .30, side table O118 | USM Haller - Metal: USM Steel Blue .34, side table O118 | USM Haller - Metal: USM Golden Yellow .25, side table O118 | USM Haller - Metal: USM Beige .31",True
https://www.rockymountain.furniture/products/jofran/15003.html,[],False,,False
https://www.statewidefurniture.com/products/Ashley-Furniture/ashley/1010494.html,[],False,,False
https://huckandpeck.com/products/gift-card,[],False,,False
https://najarianfurniture.com/products/roma-sofa-pebble,[],False,,False
https://qualitywoods.com/products/qw-amish-mckee-6pc-dining-set?variant=31793708105810,"[""QW Amish McKee 6pc Dining Set""]",True,QW Amish McKee 6pc Dining Set,False
https://mybossfurniture.com/products/tullis-2&via=&text=Tullis%20Cream/Navy/Gray%20Medium%20Rug,[],False,,False
https://www.furnish123quadcities.com/search/products/?s=36505,[],True,,False
https://americanbackyard.com/products/gift-card,"[""Gift Card""]",True,Gift Card,False
https://www.roccityfurniture.com/products/abney-4pc-set/,[],False,,False
https://www.sutherlandfurniture.com/collections/quick-ship/products/franck-sofa-quickship,[],False,,False
https://craftassociatesfurniture.com/products/craft-associates-wool-lounge-chairs-1519,"[""Craft Associates® Modern Wing Chairs - Large - 1407"", ""Vadar Leather Wing Chair - 1407"", ""Craft Modern Grey Mohair Arm Chair - 1407"", ""Wooly Modern Arm Chair in Wool - 1407""]",True,"Craft Associates® Modern Wing Chairs - Large - 1407, Vadar Leather Wing Chair - 1407, Craft Modern Grey Mohair Arm Chair - 1407, Wooly Modern Arm Chair in Wool - 1407",True
https://huset-shop.com/products/gift-card,"[""Gift Card - $25.00"", ""Gift Card - $50.00"", ""Gift Card - $100.00"", ""Gift Card - $250.00"", ""Gift Card - $500.00""]",True,"Gift Card - $25.00, Gift Card - $50.00, Gift Card - $100.00, Gift Card - $250.00, Gift Card - $500.00",True
https://www.scotmeachamwoodhome.com/products/hodges-tweed,"[""Charlotte Crewelwork in Lake District Blue"", ""Mayhew Herringbone in Bark"", ""Stavely Park Trellis Wallpaper in Newton Antique"", ""Porter-Smythe Botanical in Beekman Jute"", ""Ludlow Stripe in Boxwood Green"", ""Arcadia Floral Wallpaper in Lacquer Black"", ""Charlotte Crewelwork Wallpaper in Lake District Blue"", ""Arcadia Floral in Brittany Blue"", ""Jane Floral Wallpaper in Wellesley Sepia""]",True,"Charlotte Crewelwork in Lake District Blue, Mayhew Herringbone in Bark, Stavely Park Trellis Wallpaper in Newton Antique, Porter-Smythe Botanical in Beekman Jute, Ludlow Stripe in Boxwood Green, Arcadia Floral Wallpaper in Lacquer Black, Charlotte Crewelwork Wallpaper in Lake District Blue, Arcadia Floral in Brittany Blue, Jane Floral Wallpaper in Wellesley Sepia",True
https://www.espasso.com/products/tearsheet/1815,[],True,,False
https://sika-design.com/products/belladonna-nature,[],True,,False
https://www.dimshome.com/products/eave-desk,[],True,,False
https://thebellacottage.com/products/barrel-bar,"[""Songbird Toile Settee Sofas & Settees"", ""Vertical Mango Wood Book Holder Decor"", ""Woven Door Basket Decor"", ""Blue Spruce Tree with Lights 7.5' Decor"", ""Pastoral Barn Decor Set Decor"", ""Bamboo and Wood Basket Set Decor"", ""Gordon Glass Floor Lamp Floor Lamp"", ""Salerno Murano Glass Vase Decor"", ""Indigo Linen Throw Throw Blankets"", ""Medium Boxwood Ball Decor"", ""Farmhouse Confectionery Display Cabinet Serveware"", ""Olive Linen Throw Throw Blankets"", ""Coral Linen Throw Throw Blankets"", ""French Inspired Demi Lune Table Console & Sofa Tables"", ""French Farmhouse Tiered Server Decor"", ""Tin Antique-Style Display Platforms - Set of 3 Serveware""]",True,"Songbird Toile Settee Sofas & Settees, Vertical Mango Wood Book Holder Decor, Woven Door Basket Decor, Blue Spruce Tree with Lights 7.5' Decor, Pastoral Barn Decor Set Decor, Bamboo and Wood Basket Set Decor, Gordon Glass Floor Lamp Floor Lamp, Salerno Murano Glass Vase Decor, Indigo Linen Throw Throw Blankets, Medium Boxwood Ball Decor, Farmhouse Confectionery Display Cabinet Serveware, Olive Linen Throw Throw Blankets, Coral Linen Throw Throw Blankets, French Inspired Demi Lune Table Console & Sofa Tables, French Farmhouse Tiered Server Decor, Tin Antique-Style Display Platforms - Set of 3 Serveware",True
https://www.skandium.com/products/ch24-soft,"[""CH24 Wishbone Chair - Beech""]",True,CH24 Wishbone Chair - Beech,False
https://www.woodwaves.com/products/gray-floating-tv-stand-entertainment-center-eco-geo-lakewood,"[""Floating TV Stand Wall Mount Entertainment Center Console - ECO GEO - Lakewood Gray""]",True,Floating TV Stand Wall Mount Entertainment Center Console - ECO GEO - Lakewood Gray,False
https://sjotime.com/products/notch-desk,[],False,,False
https://www.puji.com/www.puji.com/products/urban-industrial-bistro-dining-table,[],False,,False
https://littlepartners.com/products/bentwood,"[""The Learning Tower® Toddler Tower"", ""Explore 'N Store® Learning Tower®"", ""Folding Toddler Tower"", ""Peek-A-Boo Adjustable Height Art Easel""]",True,"The Learning Tower® Toddler Tower, Explore 'N Store® Learning Tower®, Folding Toddler Tower, Peek-A-Boo Adjustable Height Art Easel",True
https://jeremiahcollection.com/products/record-storage-console,"[""Mid Century Record Storage Console""]",True,Mid Century Record Storage Console,False
https://www.shoptorious.com/products/nova-domus-jagger-modern-dark-grey-walnut-bedroom-set,[],False,,False
https://thefinestore.com/products/gift-card,"[""Gift Card""]",True,Gift Card,False
http://oot-oot.com/products/,"[""UUS MOODULDIIVAN CAVA""]",True,UUS MOODULDIIVAN CAVA,False
https://lorfords.com/collections/the-armchair-collection/products/the-bayswater-armchair,"[""Bayswater Armchair""]",True,Bayswater Armchair,False
https://www.arighibianchi.co.uk/collections/new-in-homepage/products/birds-coat-rack,"[""Birds Coat Rack""]",True,"Birds Coat Rack, Birds Coat Rack",True
https://idlehands.design/products/page/2/,[],False,,False
https://www.diyfurniturestore.com/products/inside-out,[],False,,False
https://pastperfect.sg/products/,"[""Products Archive - The Past Perfect Collection""]",True,Products Archive - The Past Perfect Collection,False
https://bastilleandsons.com.au/products/ottoman-leo,[],False,,False
https://classicwithatwist.com.au/products/1900-bench,"[""1900 BENCH""]",True,1900 BENCH,False
https://apato.com.au/products/work/kobo-st-desk/,[],False,,False
https://thewoodroom.com.au/products/take-me-back,[],False,,False
https://thebanyantree.com.au/products/gift-card,"[""GIFT VOUCHER""]",True,GIFT VOUCHER,False
https://ardoutdoor.com/products/,"[""Accessories"", ""Bar Chairs"", ""Bar Tables"", ""Benches"", ""Chaise Lounges"", ""Chat Tables"", ""Club Chairs"", ""Coffee Tables"", ""Day Beds"", ""Hammocks"", ""Loveseats & Sofas"", ""Sectionals""]",True,"Accessories, Bar Chairs, Bar Tables, Benches, Chaise Lounges, Chat Tables, Club Chairs,  Coffee Tables, Day Beds, Hammocks, Loveseats & Sofas, Sectionals",True
https://hauserstores.com/products/mesa-sofa?view=product-alt,"[""Lambert Linen Toss Pillow"", ""Mirabel Linen Toss Pillow"", ""Maritime Vase"", ""Artificial Magnolia Branch"", ""Daisey Fringe Throw - Blue"", ""Distressed Ridges Vase"", ""Ruffles Candystripe Toss Pillow - Grey"", ""Ruffles Pinstripe Toss Pillow - Grey"", ""Kids Woven Easter Bunny Basket"", ""Esther Easter Bunny Candle"", ""Green Botanical Bloom 12oz Glass Candle"", ""Green Botanical Bloom Stoneware Mug"", ""Botanical Bloom Melamine Serving Tray (Set of 2)"", ""Jardin White/Green Reversible Round Placemat (Set of 4)"", ""Jardin Round Plate (Set of 4)"", ""Kids Felt Bunny Easter Basket"", ""eGift Card"", ""Hydrangea Blossom Rain Umbrella"", ""Kids Felt Bloom Easter Basket"", ""Kids Felt Tic Tac Toe Bug Board"", ""Vacuum Hot/Cold 1L Jug"", ""Artificial White Queen Annes Lace Spray"", ""Artificial Allium Bouquet"", ""Artificial Pearl Blossom Branch"", ""Artificial Cosmos Spray"", ""Artificial Allium Floral Spray"", ""Artificial Leafy Cherry Blossom 38\"" Stem"", ""Artificial White Hydrangea Stem"", ""Chris Loves Julia x Loloi Rue Natural/Multi Jute Rug"", ""Chris Loves Julia x Loloi Rue Natural/Denim Jute Rug"", ""Chris Loves Julia x Loloi Rue Moss/Blue Jute Rug"", ""Chris Loves Julia x Loloi Rue Sage/Blush Jute Rug"", ""Chris Loves Julia x Loloi Rue Wheat/Sage Jute Rug"", ""Chris Loves Julia x Loloi Rue Bark/Mocha Jute Rug"", ""Chris Loves Julia x Loloi Rue Olive/Sage Jute Rug"", ""Chris Loves Julia x Loloi Palma Bark/Natural Rug"", ""Bell Glass Tall & Low Vase"", ""Bell Ceramic Low & Tall Vase - Sage Green"", ""Nordic Matte Sand Mug w/ Coaster"", ""Nordic Sand Vacuum Coffee Jug"", ""Nordic Bamboo Serving Tray"", ""Crinkle 6.1oz Wine Glass"", ""Crinkle 12oz Glass Tumbler Set of 4"", ""Crinkle Glass Tapas Tray""]",True,"Lambert Linen Toss Pillow, Mirabel Linen Toss Pillow, Maritime Vase, Artificial Magnolia Branch, Daisey Fringe Throw - Blue, Distressed Ridges Vase, Ruffles Candystripe Toss Pillow - Grey, Ruffles Pinstripe Toss Pillow - Grey, Kids Woven Easter Bunny Basket, Esther Easter Bunny Candle, Green Botanical Bloom 12oz Glass Candle, Green Botanical Bloom Stoneware Mug, Botanical Bloom Melamine Serving Tray (Set of 2), Jardin White/Green Reversible Round Placemat (Set of 4), Jardin Round Plate (Set of 4), Kids Felt Bunny Easter Basket, eGift Card, Hydrangea Blossom Rain Umbrella, Kids Felt Bloom Easter Basket, Kids Felt Tic Tac Toe Bug Board, Vacuum Hot/Cold 1L Jug, Artificial White Queen Annes Lace Spray, Artificial Allium Bouquet, Artificial Pearl Blossom Branch, Artificial Cosmos Spray, Artificial Allium Floral Spray, Artificial Leafy Cherry Blossom 38"" Stem, Artificial White Hydrangea Stem, Chris Loves Julia x Loloi Rue Natural/Multi Jute Rug, Chris Loves Julia x Loloi Rue Natural/Denim Jute Rug, Chris Loves Julia x Loloi Rue Moss/Blue Jute Rug, Chris Loves Julia x Loloi Rue Sage/Blush Jute Rug, Chris Loves Julia x Loloi Rue Wheat/Sage Jute Rug, Chris Loves Julia x Loloi Rue Bark/Mocha Jute Rug, Chris Loves Julia x Loloi Rue Olive/Sage Jute Rug, Chris Loves Julia x Loloi Palma Bark/Natural Rug, Bell Glass Tall & Low Vase, Bell Ceramic Low & Tall Vase - Sage Green, Nordic Matte Sand Mug w/ Coaster, Nordic Sand Vacuum Coffee Jug, Nordic Bamboo Serving Tray, Crinkle 6.1oz Wine Glass, Crinkle 12oz Glass Tumbler Set of 4, Crinkle Glass Tapas Tray",True
https://boahaus.com/products/boahaus-urban-dressing-table,[],False,,False
https://tabularasa-furniture.com/collections/frontpage/products/ohmm-fiesta,[],False,,False
https://livingbydesign.net.au/products/sorensen-teak-bench-seat-dining,[],False,,False
https://www.living-home.co.uk/products/58-07-valencia-side-table,"[""Milan Side Table""]",True,Milan Side Table,False
https://relm.com.au/products/,"[""Featured"", ""Tables""]",True,"Featured, Tables",True
https://www.harpersproject.com/products/marble-stool,[],True,,False
https://www.morningstartrading.ca/pages/products/recycled-treasures-consignment-pieces/hidden-treasure,[],False,,False
https://www.bellus.com/products/,"[""Bellus Furniture""]",True,Bellus Furniture,False
https://www.hatihome.com/products/lounge-cane,[],False,,False
https://www.meta44.com/products/homeland,[],False,,False
https://modernkomfort.ca/products/glen,"[""Glen 48\"" Mirror""]",True,"Glen 48"" Mirror, Glen 48"" Mirror",True
https://www.aarniooriginals.com/collections/shop/products/pony,"[""Pony - Green"", ""Pony - Orange"", ""Pony - Black"", ""Pony - Pink"", ""Pony - Blue"", ""Pony - White""]",True,"Pony - Green, Pony - Orange, Pony - Black, Pony - Pink, Pony - Blue, Pony - White",True
https://chansfurniture.com/products/copy-of-42-tennant-brand-modern-style-beatrice-bathroom-sink-vanity-tb-9433-v42-wenge-color,"[""42\"" Tennant Brand Beatrice Navy Blue Modern Bathroom Sink Vanity""]",True,"42"" Tennant Brand Beatrice Navy Blue Modern Bathroom Sink Vanity",False
https://alasaw.com/products/sample-box,[],False,,False
https://hedgehousefurniture.com/products/windsor-bed,"[""Windsor Bed - White Oak / Queen"", ""Windsor Bed - White Oak / King"", ""Windsor Bed - White Oak / Cal King"", ""Windsor Bed - White Oak / Twin"", ""Windsor Bed - White Oak / Full"", ""Windsor Bed - Cherry / Queen"", ""Windsor Bed - Cherry / King"", ""Windsor Bed - Cherry / Cal King"", ""Windsor Bed - Cherry / Twin"", ""Windsor Bed - Cherry / Full"", ""Windsor Bed - Walnut / Queen"", ""Windsor Bed - Walnut / King"", ""Windsor Bed - Walnut / Cal King"", ""Windsor Bed - Walnut / Twin"", ""Windsor Bed - Walnut / Full"", ""Windsor Bed - Maple / Queen"", ""Windsor Bed - Maple / King"", ""Windsor Bed - Maple / Cal King"", ""Windsor Bed - Maple / Twin"", ""Windsor Bed - Maple / Full""]",True,"Windsor Bed - White Oak / Queen, Windsor Bed - White Oak / King, Windsor Bed - White Oak / Cal King, Windsor Bed - White Oak / Twin, Windsor Bed - White Oak / Full, Windsor Bed - Cherry / Queen, Windsor Bed - Cherry / King, Windsor Bed - Cherry / Cal King, Windsor Bed - Cherry / Twin, Windsor Bed - Cherry / Full, Windsor Bed - Walnut / Queen, Windsor Bed - Walnut / King, Windsor Bed - Walnut / Cal King, Windsor Bed - Walnut / Twin, Windsor Bed - Walnut / Full, Windsor Bed - Maple / Queen, Windsor Bed - Maple / King, Windsor Bed - Maple / Cal King, Windsor Bed - Maple / Twin, Windsor Bed - Maple / Full",True
http://www.mountainteak.com/products/designer-teak-furniture/,[],False,,False
https://www.lestudiolum.com/us/products/textiles/throws/,[],False,,False
https://www.ameriwoodhome.com/Products/Storage/All/,[],False,,False
https://www.homeandstyle.com.sg/products/richmond-sofa-grey,[],False,,False
https://shop.vanillawood.com/products/plume-wallpaper,"[""Plume Wallpaper""]",True,Plume Wallpaper,False
http://modliving.com.ph/products/,"[""All Dining Chairs"", ""Plastic Chairs"", ""Metal Chairs"", ""Wood Chairs"", ""Table Tops"", ""Table Bases"", ""Dining Tables"", ""Barstools / High Chairs""]",True,"All Dining Chairs, Plastic Chairs, Metal Chairs, Wood Chairs, Table Tops, Table Bases, Dining Tables, Barstools / High Chairs",True
https://curiocavern.ph/products/cow-skull,[],False,,False
https://www.mossmanilahome.com/products/,[],False,,False
https://oakforless.com/products/gift-card,"[""Gift Card"", ""Gift Card $50.00 USD"", ""Gift Card $75.00 USD"", ""Gift Card $100.00 USD"", ""Gift Card $250.00 USD"", ""Gift Card $500.00 USD""]",True,"Gift Card, Gift Card, Gift Card $50.00 USD, Gift Card $75.00 USD, Gift Card $100.00 USD, Gift Card $250.00 USD, Gift Card $500.00 USD",True
https://www.castlery.com/products/spot-shelf,[],True,,False
